,address,lat_lng
0,"169 Aspen Lane Macungie, PA 18062","[40.511737, -75.561434]"
1,"14 Norsham Way Collegeville, PA 19426","[40.145523, -75.45015]"
2,"561 Martin Street Philadelphia, PA 19128","[40.033172, -75.212151]"
3,"1578 Jason Dr Cinnaminson, NJ 08077","[40.016082, -75.004318]"
4,"2787 Highland Ave Broomall, PA 19008","[39.973039, -75.378358]"
5,"463 Stoneglen St Collegeville, PA 19426","[40.143912, -75.471241]"
6,"2207 Bryn Mawr Ave Ardmore, PA 19003","[39.99328, -75.2943]"
7,"810 Susan Cir North Wales, PA 19454","[40.236602, -75.237083]"
8,"1347 Cory Dr Ft Washington, PA 19034","[40.14459, -75.191586]"
9,"10 Warren Dr. Chalfont, PA 18914","[40.289461, -75.197762]"
10,"605 Foxglove Dr Morton, PA 19070","[39.900559, -75.318009]"
11,"251 W Dekalb PikeKing of Prussia, PA 19406","[40.08979, -75.36686]"
12,"751 Vandenburg Rd, King of Prussia, PA 19406","[40.105347, -75.404062]"
